ID,Nombre,Apellido,FechaNacimiento,Género,Teléfono,Dirección,Correo
1,Ana,Martínez,1990-05-12,F,7012-3456,Calle Los Naranjos #12,ana.martinez@gmail.com
2,Carlos,Ramírez,1985-11-23,M,7510-2211,Av. Libertad #34,carlos.ramirez@gmail.com
3,Lucía,Gómez,2000-01-18,F,7888-3312,Residencial Palma Real,lucia.gomez@gmail.com
4,Pedro,Rivas,1978-03-02,M,7981-4412,Col. Escalón, Calle A,pedro.rivas@gmail.com
5,Sofía,Morales,1995-07-30,F,7655-7788,San Miguel, Barrio El Centro,sofia.morales@gmail.com
6,Diego,Torres,2002-09-09,M,7001-8899,Col. Médica, San Salvador,diego.torres@gmail.com
7,Mariana,Pineda,1998-06-15,F,7123-4456,Santa Tecla, Calle Real,mariana.pineda@gmail.com
8,Andrés,Castillo,1989-10-28,M,7211-3388,Col. Miramonte,andres.castillo@gmail.com
9,Camila,Chávez,2001-12-11,F,7311-9988,Soyapango, Pasaje 5,camila.chavez@gmail.com
10,Jorge,Salinas,1975-08-05,M,7523-4455,Mejicanos, Calle Central,jorge.salinas@gmail.com
11,Valeria,Fuentes,1999-03-27,F,7890-5566,Col. La Sultana,valeria.fuentes@gmail.com
12,Esteban,Mejía,1992-08-12,M,7941-2277,San Vicente, Calle Nueva,esteban.mejia@gmail.com
13,Daniela,Ortiz,1996-11-03,F,7654-1234,Col. Flor Blanca,daniela.ortiz@gmail.com
14,Oscar,López,1983-06-18,M,7321-4321,Ilopango, Calle Central,oscar.lopez@gmail.com
15,Claudia,Villalta,1994-02-09,F,7015-8899,Santa Ana, Calle Luna,claudia.villalta@gmail.com
16,Fernando,Hernández,1990-10-21,M,7200-4433,Sonsonate, Av. Bolívar,fernando.hernandez@gmail.com
17,Isabel,Cruz,2003-07-14,F,7588-6655,Col. Miralvalle,isabel.cruz@gmail.com
18,Marco,Reyes,1991-04-25,M,7771-9023,Col. San Francisco,marco.reyes@gmail.com
19,Karen,Batres,1997-09-05,F,7643-1100,Col. Médica,karen.batres@gmail.com
20,Santiago,Melara,1986-01-16,M,7099-3322,La Libertad, Calle Principal,santiago.melara@gmail.com
